spar040-030-1,,,,,,,,,,,,,,,
size,density,max_cuts_sel,,,,,,,,,,,,,
40,30,12,,,,,,,,,,,,,
Bounds:,,,,,,,,,,,,,,,
opt_nn,feas,comb,rand 0,rand 1,rand 2,rand 3,rand 4,rand 5,rand 6,rand 7,rand 8,rand 9,dense,opt_exact,M+S_3 
0,0,0,0,0,0,0,0,0,0,0,0,0,0,0,0.999999661
0.322711048,0.191360897,0.322711048,0.229643475,0.134560835,0.140803727,0.248001166,0.16610519,0.077623626,0.123428555,0.219054558,0.213333676,0.171293338,0.322711048,0,0.999999661
0.646993762,0.361473182,0.646993762,0.304176143,0.263660652,0.21044847,0.428068741,0.285762177,0.186155471,0.256557867,0.320669421,0.345320116,0.315039934,0.668499593,0,0.999999661
0.82683966,0.524369123,0.82683966,0.39753572,0.448869636,0.355732954,0.519244648,0.397183929,0.232116541,0.307132779,0.451285443,0.416475774,0.428361694,0.830075703,0,0.999999661
0.902903598,0.656716904,0.902903598,0.455801351,0.591592892,0.448150267,0.607997597,0.478354327,0.332206934,0.43851021,0.633191639,0.468661543,0.463238309,0.893595313,0,0.999999661
0.938314616,0.783844072,0.938314616,0.516957348,0.678711696,0.506469856,0.676026044,0.544386648,0.406318114,0.507858789,0.66718083,0.545101817,0.496323289,0.935929861,0,0.999999661
0.960118301,0.8511173,0.964033499,0.592203897,0.713192415,0.595090028,0.731174169,0.629608893,0.548715932,0.60992003,0.762175785,0.635722207,0.610001265,0.963303446,0.009974876,0.999999661
0.96837615,0.890576977,0.974806185,0.664785307,0.716100504,0.622528588,0.757418529,0.779188168,0.654449756,0.643336286,0.775806245,0.698625518,0.687678773,0.981188461,0.121851693,0.999999661
0.973510253,0.917607707,0.980869433,0.706459265,0.728789947,0.635367084,0.817428763,0.791373869,0.701315225,0.719351894,0.7944656,0.75636381,0.756134533,0.988188132,0.204906736,0.999999661
0.976126416,0.95435744,0.984611931,0.77659386,0.764056498,0.672845679,0.828667294,0.814482812,0.747189316,0.743843376,0.810936053,0.796505308,0.789649173,0.992001895,0.253837768,0.999999661
0.978945569,0.969436775,0.991687982,0.806669587,0.783795118,0.725502814,0.842903951,0.826454666,0.765758033,0.795575325,0.853244261,0.825371275,0.864056529,0.994275457,0.285124245,0.999999661
0.980747109,0.974022015,0.99650129,0.854881699,0.80239042,0.752991268,0.87006111,0.873070917,0.792319848,0.82731324,0.868087989,0.832572984,0.874906554,0.995478689,0.31171351,0.999999661
0.981393872,0.989828783,0.998679572,0.87480002,0.816974861,0.793942365,0.888565778,0.894768112,0.807561721,0.853457671,0.878869647,0.83583315,0.893019086,0.995558629,0.337479776,0.999999661
0.981868594,0.99508547,0.999298931,0.88419513,0.845778573,0.834168803,0.899731636,0.903109859,0.828003348,0.861390411,0.897577444,0.838707158,0.901624436,0.995558629,0.36707366,0.999999661
0.981999861,0.997013684,0.999603456,0.899069778,0.852782824,0.876651489,0.906470641,0.915167361,0.845402385,0.865311884,0.911188742,0.855463851,0.909158786,0.995558629,0.392640895,0.999999661
0.982566318,0.998995334,0.999761689,0.902671652,0.860277694,0.87998158,0.918433969,0.920241858,0.855502724,0.886593302,0.91979122,0.892402473,0.916604746,0.995558629,0.410644967,0.999999661
0.984779024,0.999563212,0.999883962,0.907526492,0.879708196,0.885665552,0.920966105,0.922317786,0.870496319,0.898484861,0.933003076,0.897073089,0.928060857,0.995558629,0.432716583,0.999999661
0.984970205,0.999809911,0.99998346,0.914316406,0.909614398,0.888976963,0.937815149,0.923530039,0.890200851,0.902140276,0.933675426,0.900799966,0.939873237,0.995558629,0.457258062,0.999999661
0.985009674,0.999927805,0.999997174,0.917470208,0.913853556,0.90300834,0.942538307,0.935227938,0.906180043,0.912632715,0.936881873,0.901733149,0.947201441,0.995558629,0.481602308,0.999999661
0.985022091,0.999977518,0.999999169,0.922737104,0.923339579,0.923175691,0.947634625,0.940772804,0.910712131,0.929798869,0.955843094,0.908832663,0.95089767,0.995558629,0.501063514,0.999999661
0.985028025,0.999996512,0.999999522,0.928405431,0.928288975,0.925928485,0.953892854,0.947747388,0.935059884,0.936171581,0.968341823,0.928277875,0.953718777,0.995558629,0.527371725,0.999999661
Times (cumulative):,,,,,,,,,,,,,,,
opt_nn,feas,comb,rand 0,rand 1,rand 2,rand 3,rand 4,rand 5,rand 6,rand 7,rand 8,rand 9,dense,opt_exact,M+S_3 
0,0,0,0,0,0,0,0,0,0,0,0,0,0,0,0
0.006684135,0.008288089,0.00726876,0.002599739,0.002390517,0.002083863,0.003034211,0.002285587,0.001980784,0.002122106,0.002784554,0.00245482,0.002507392,0.969612547,0.017326531,0
0.013187554,0.016340623,0.014018671,0.004544612,0.004480973,0.004165082,0.005919402,0.004294959,0.003977045,0.004576732,0.004846064,0.004850479,0.004459113,1.926189103,0.053774775,0
0.019927792,0.024438655,0.02129945,0.006675343,0.006821436,0.006456287,0.008057305,0.006547819,0.005957513,0.006611701,0.006943972,0.007217381,0.006422568,2.883828185,0.11815672,0
0.026726598,0.032995141,0.028427641,0.008732151,0.009319452,0.008695005,0.010403741,0.008972028,0.007802021,0.008864687,0.010023404,0.009541489,0.008344327,3.834222001,0.210870893,0
0.033287945,0.041439215,0.035267837,0.010887612,0.011705898,0.010824789,0.012589898,0.011120937,0.010151264,0.010817902,0.011827363,0.012299305,0.010368798,4.787889139,0.376190487,0
0.039570344,0.049907072,0.042523844,0.013166648,0.013859144,0.012835952,0.014643451,0.013172928,0.012653808,0.013321459,0.014369495,0.015039569,0.01303968,5.751682378,0.749375949,0
0.04491487,0.058423781,0.049653847,0.015100916,0.015246105,0.014817241,0.016542859,0.016067394,0.014719889,0.015185273,0.01627046,0.017301347,0.01554916,6.709428437,0.978796285,0
0.050084677,0.066679515,0.056475649,0.017179612,0.017005752,0.017053904,0.018965013,0.018082977,0.017024901,0.018154855,0.018441269,0.020107121,0.017985859,7.670801531,1.219815355,0
0.055540175,0.076354182,0.067947707,0.019664579,0.018939676,0.01932188,0.021329375,0.020592866,0.019332686,0.020100162,0.020457878,0.022821824,0.020280873,8.643896817,1.478150424,0
0.060928424,0.085080241,0.079547554,0.022192222,0.020962734,0.022383296,0.023401772,0.022674556,0.021324003,0.022501548,0.023200567,0.025078633,0.022900664,9.615752165,1.751339783,0
0.066252475,0.093462294,0.088768032,0.025330351,0.023339149,0.025250366,0.025904764,0.025880399,0.023586158,0.024783192,0.025500138,0.026902954,0.024802304,10.58247385,2.03518581,0
0.071888277,0.102321809,0.098104957,0.027343177,0.02520235,0.027834049,0.028944077,0.028552883,0.025968656,0.027479939,0.027928671,0.028715348,0.027142047,11.54548148,2.346391768,0
0.077071097,0.111528153,0.108384641,0.029379338,0.027624851,0.031171898,0.031457266,0.030748414,0.028644458,0.029585457,0.030635906,0.030692294,0.029227156,12.5180093,2.74460861,0
0.082358183,0.120565235,0.117741952,0.031990121,0.029972408,0.034723311,0.033641423,0.032994546,0.031211604,0.031505617,0.033274467,0.033547826,0.031291142,13.48287398,3.121442459,0
0.087655988,0.129926083,0.126863326,0.033689565,0.032108479,0.036486142,0.036214222,0.03527305,0.033970004,0.034160945,0.035817921,0.036753961,0.033554712,14.44975119,3.499270996,0
0.09309451,0.139441772,0.136003616,0.035603542,0.034628672,0.039170063,0.038199719,0.037078914,0.036534547,0.036574575,0.038772215,0.038969759,0.036252994,15.41012238,3.982690369,0
0.098272603,0.149312831,0.144990513,0.037821959,0.037651074,0.04127835,0.041052334,0.038972991,0.039289864,0.038447645,0.040582398,0.041018585,0.039234976,16.37817294,4.495379586,0
0.103447606,0.158514728,0.15416416,0.03969433,0.040188264,0.044088594,0.043123235,0.041167252,0.041900809,0.041070893,0.0427129,0.042940913,0.041973912,17.3431531,4.960005853,0
0.108600836,0.167379867,0.163135735,0.041607792,0.042950734,0.046767846,0.045432209,0.042919821,0.044208805,0.043904393,0.045633604,0.045809509,0.044286295,18.31556057,5.427731904,0
0.113857278,0.17674527,0.171769679,0.043949619,0.045286458,0.048826605,0.048120366,0.045267098,0.047682401,0.04598542,0.048361207,0.048643737,0.046563291,19.28428147,6.068140445,0
spar040-100-1,,,,,,,,,,,,,,,
size,density,max_cuts_sel,,,,,,,,,,,,,
40,100,469,,,,,,,,,,,,,
Bounds:,,,,,,,,,,,,,,,
opt_nn,feas,comb,rand 0,rand 1,rand 2,rand 3,rand 4,rand 5,rand 6,rand 7,rand 8,rand 9,dense,opt_exact,M+S_3 
0,0,0,0,0,0,0,0,0,0,0,0,0,0,0,0.836540685
0.312676644,0.227504436,0.312676644,0.268027709,0.286085338,0.289820467,0.273209501,0.310947959,0.301646628,0.306125616,0.281340499,0.314239631,0.306193275,0.327150334,0.588866661,0.836540685
0.723785499,0.512270378,0.723785499,0.523360768,0.504922782,0.542687619,0.508505389,0.516575284,0.534243749,0.509538433,0.494429399,0.529760649,0.52317536,0.716963246,0.859262051,0.836540685
0.793449213,0.70526445,0.793449213,0.621597435,0.607772735,0.636570254,0.624695818,0.618961446,0.631939957,0.625460594,0.617280959,0.624590567,0.62731854,0.793488661,0.910788022,0.836540685
0.813399486,0.786331909,0.814202072,0.683356876,0.671055969,0.683983527,0.665450355,0.679324941,0.686200937,0.682320175,0.679611045,0.689832933,0.691967443,0.809872146,0.933748052,0.836540685
0.818146549,0.812657341,0.824599971,0.723565507,0.712452256,0.720439105,0.713978638,0.719081819,0.719370189,0.726403804,0.718980171,0.716962418,0.725359593,0.815491234,0.950053071,0.836540685
0.819537217,0.825433384,0.830861175,0.749502496,0.73931766,0.748437692,0.745452476,0.742907115,0.746753893,0.75096524,0.746222107,0.742015546,0.753664759,0.8173467,0.959587875,0.836540685
0.820225031,0.831353947,0.833997715,0.766726969,0.759907514,0.764001757,0.764552857,0.76101613,0.76812866,0.768458547,0.764953286,0.764331735,0.770601559,0.817777422,0.965541945,0.836540685
0.820429057,0.834419187,0.835345978,0.777424941,0.776275456,0.779989275,0.777300808,0.776660384,0.782199701,0.781057599,0.781066431,0.779229341,0.780778164,0.817921585,0.971164485,0.836540685
0.820531949,0.835568132,0.836002064,0.785108583,0.785921202,0.789451828,0.789032703,0.785820256,0.790650405,0.791068616,0.79181956,0.789421708,0.786969375,0.817974607,0.975061498,0.836540685
0.820595994,0.836101355,0.836324138,0.79473527,0.794938205,0.795421312,0.794467037,0.796771997,0.800594393,0.798103453,0.798330058,0.80069995,0.795586869,0.818124573,0.97884622,0.836540685
0.820603635,0.836368575,0.836440746,0.79984699,0.801202736,0.802283686,0.800427215,0.804486743,0.804673234,0.804384745,0.803865328,0.805480887,0.801192521,0.818157942,0.981479744,0.836540685
0.820605091,0.836479762,0.836497654,0.80507524,0.807368201,0.807246309,0.805241303,0.809338593,0.808595211,0.808026027,0.80796888,0.809778488,0.807803991,0.818174676,0.984014228,0.836540685
0.820606033,0.836517164,0.836524105,0.809715828,0.812410176,0.811185546,0.8091013,0.813525477,0.812627746,0.812698916,0.811345658,0.812904637,0.811071415,0.818177389,0.986239145,0.836540685
0.820606107,0.836530655,0.836535916,0.812411291,0.816142471,0.814700057,0.812075454,0.816505729,0.814813187,0.81597213,0.814746523,0.817268497,0.815221231,0.818178512,0.988151404,0.836540685
0.820606107,0.836536845,0.836538843,0.815974129,0.818361374,0.817634489,0.814639352,0.819425713,0.817040351,0.818452921,0.817532651,0.819230501,0.818111397,0.818178767,0.989496117,0.836540685
0.820606107,0.836539427,0.836540312,0.818151245,0.820928024,0.820817287,0.817311385,0.82188853,0.818963762,0.821001992,0.820031932,0.820709932,0.820464224,0.818178952,0.990700043,0.836540685
0.820606107,0.836540449,0.836540615,0.820043585,0.82280149,0.822168584,0.819189005,0.823161436,0.820985772,0.822524524,0.822501812,0.822277087,0.822525364,0.818178952,0.991865802,0.836540685
0.820606107,0.836540684,0.836540616,0.821368758,0.824142954,0.823792253,0.821316568,0.824339778,0.822984711,0.824075016,0.823566616,0.82407487,0.823861828,0.818178952,0.992853818,0.836540685
0.820606107,0.836540685,0.836540616,0.8226716,0.825447932,0.825139879,0.823460652,0.825675947,0.824517802,0.825024218,0.825406367,0.825653049,0.825411225,0.818178952,0.993644482,0.836540685
0.820606107,0.836540685,0.836540616,0.823693947,0.826875571,0.825962199,0.824621571,0.826614407,0.826215745,0.826619019,0.826134984,0.826896694,0.826102636,0.818178952,0.994226896,0.836540685
Times (cumulative):,,,,,,,,,,,,,,,
opt_nn,feas,comb,rand 0,rand 1,rand 2,rand 3,rand 4,rand 5,rand 6,rand 7,rand 8,rand 9,dense,opt_exact,M+S_3 
0,0,0,0,0,0,0,0,0,0,0,0,0,0,0,0
0.2304741,0.289300767,0.244786142,0.075700956,0.086267774,0.086323122,0.081014266,0.087559978,0.08347855,0.108442539,0.085890357,0.08896667,0.092369566,37.55066108,0.178098152,0
0.676710392,0.61827503,0.71404509,0.211299793,0.208264012,0.215802397,0.208455981,0.212515336,0.219735703,0.242026816,0.224778781,0.231719449,0.226817621,75.38518212,0.505432272,0
1.150897428,1.13195038,1.206896574,0.393927054,0.378297062,0.382699608,0.379373311,0.382419924,0.38500923,0.44633286,0.412559045,0.422586922,0.40263275,113.3940239,0.826547496,0
1.615715591,1.806950593,1.903175264,0.555311602,0.581047508,0.545702443,0.538203258,0.594277983,0.565935941,0.649057005,0.611623887,0.613961446,0.627356591,151.5223435,1.138268605,0
2.018724102,2.522336691,2.515367527,0.745698982,0.801397154,0.73236331,0.762662905,0.836349864,0.750425445,0.887205369,0.825740397,0.791973481,0.827136251,189.4722118,1.574349821,0
2.374352497,3.353437244,3.233987676,0.950374488,1.000453594,0.932062492,0.995967621,1.03324173,0.939929242,1.113423627,1.042991091,0.985101113,1.049935754,227.5458547,1.983534297,0
2.708288536,4.153999472,4.053205236,1.140487433,1.197935787,1.103631037,1.210531758,1.242703635,1.14285466,1.334890211,1.252408916,1.190309953,1.28801256,265.66115,2.482308462,0
3.021841044,4.959557381,4.774302212,1.317311146,1.404674257,1.282920214,1.396155479,1.45802587,1.354064787,1.5349327,1.466699997,1.391407946,1.484976156,303.7430624,3.049992504,0
3.325830475,5.671719213,5.500292063,1.49419939,1.598823554,1.477856584,1.603567487,1.659390992,1.526095084,1.774101386,1.658544509,1.61701043,1.670452505,341.584532,3.564794599,0
3.632725304,6.412576317,6.240995511,1.757472398,1.806913,1.635591857,1.784153957,1.910981701,1.763054242,2.014000282,1.845201954,1.872349703,1.889955062,379.6172301,4.150604471,0
3.907021066,7.208936129,6.985859216,1.986413819,2.013925523,1.837117876,1.965289708,2.141993235,1.949610058,2.230106815,2.045534948,2.052164192,2.065558589,417.6271197,4.742121417,0
4.159602278,8.013131628,7.716442444,2.181743038,2.241111856,2.016999645,2.143197684,2.364650825,2.161160935,2.430267341,2.240201248,2.269273795,2.31465115,455.5974175,5.36234734,0
4.431789777,8.70729987,8.435443327,2.39561478,2.475803459,2.215545904,2.372772711,2.586698281,2.384746879,2.65501475,2.468171298,2.445659102,2.521668942,493.5121359,5.957789415,0
4.639829958,9.373552756,9.108884289,2.57407084,2.697274209,2.429224191,2.577031628,2.800978615,2.560297678,2.886282983,2.691104506,2.686106585,2.764452514,531.4126846,6.640755975,0
4.81661414,10.02918257,9.726414418,2.819303498,2.908857566,2.634321958,2.750148391,2.995738337,2.739863754,3.094835502,2.92894271,2.858214206,2.999792015,569.2144367,7.244288205,0
4.992717433,10.68257786,10.3765548,3.040455072,3.125716795,2.901266219,2.946740198,3.207711854,2.985555739,3.34018635,3.204371038,3.056781142,3.235316598,607.0661104,7.878263812,0
5.172281458,11.33300747,10.8561159,3.259580252,3.319350388,3.097290125,3.140719856,3.397571821,3.176036958,3.535604396,3.454035696,3.264788709,3.447859169,647.6130788,8.583256278,0
5.352946823,11.79174722,11.1539195,3.4369441,3.513506171,3.30619375,3.381285397,3.595358465,3.421785833,3.752440213,3.643403233,3.484847524,3.656758686,685.4422167,9.285676221,0
5.533133825,12.08155533,11.43038376,3.63371458,3.742022711,3.516655168,3.633335412,3.815708754,3.635593281,3.931932678,3.899730129,3.730706409,3.882149578,723.2639777,10.05641928,0
5.714494734,12.37604076,11.70854909,3.871436331,4.02729749,3.742769815,3.862427288,4.007769085,3.855400068,4.18343776,4.096603796,3.96903453,4.060613083,761.1127151,10.71387077,0
spar100-025-1,,,,,,,,,,,,,,,
size,density,max_cuts_sel,,,,,,,,,,,,,
100,25,115,,,,,,,,,,,,,
Bounds:,,,,,,,,,,,,,,,
opt_nn,feas,comb,rand 0,rand 1,rand 2,rand 3,rand 4,rand 5,rand 6,rand 7,rand 8,rand 9,dense,opt_exact,M+S_3 
0,0,0,0,0,0,0,0,0,0,0,0,0,0,0,0.75129782
0.116585079,0.069972704,0.116585079,0.079449084,0.081973276,0.086643978,0.086112734,0.089286423,0.084977263,0.093540238,0.087026494,0.086389677,0.088074065,0.122716996,0,0.75129782
0.335532439,0.10911889,0.335532439,0.163261576,0.149440426,0.15232839,0.157001025,0.154953407,0.150623308,0.163976254,0.139577519,0.138464516,0.160740135,0.334508417,0,0.75129782
0.471559004,0.220419895,0.471559004,0.216086388,0.209235916,0.194761712,0.218181219,0.208598677,0.208339051,0.216189354,0.202572197,0.203632886,0.210054277,0.459199094,0,0.75129782
0.559597362,0.326148642,0.559597362,0.260747476,0.268847375,0.247153675,0.271097928,0.261208563,0.260599481,0.263439228,0.247028542,0.261552497,0.264448866,0.551658182,0,0.75129782
0.618865252,0.407679616,0.618865252,0.316114187,0.304700617,0.300343846,0.320172384,0.31375105,0.310151496,0.307658664,0.293631339,0.315500337,0.307301093,0.61252872,0,0.75129782
0.649519661,0.5054944,0.65072948,0.357590057,0.337859127,0.356157218,0.356856889,0.358735855,0.361594528,0.356114828,0.330884625,0.350762705,0.345401298,0.646500815,0,0.75129782
0.669222622,0.543374066,0.671140126,0.408530012,0.386237274,0.395948826,0.407176766,0.405329847,0.397340212,0.398258898,0.374700676,0.398828706,0.386399823,0.666653594,0,0.75129782
0.679812754,0.620924576,0.682799842,0.435825485,0.416583369,0.435393196,0.43796149,0.437057561,0.428477119,0.429559798,0.405594997,0.441189003,0.419127341,0.682206858,0.015374721,0.75129782
0.689689157,0.655943345,0.693272976,0.466386313,0.445979906,0.457879134,0.472138954,0.466450998,0.454309668,0.45766514,0.435347479,0.473170056,0.459378373,0.69084708,0.088818239,0.75129782
0.696934811,0.678181263,0.70349384,0.490562742,0.476687652,0.479410486,0.497006726,0.486072847,0.479152244,0.481409534,0.468321609,0.501293667,0.479542782,0.696584396,0.144337019,0.75129782
0.701623328,0.692659283,0.713215484,0.514071292,0.504759154,0.510327158,0.515072831,0.502766886,0.502684648,0.509287954,0.492061613,0.52226192,0.505766437,0.699507633,0.179720318,0.75129782
0.704179785,0.704601702,0.721166363,0.535058647,0.523190528,0.531929329,0.537650046,0.525489925,0.525567465,0.53165673,0.520075323,0.539248742,0.522198638,0.701497103,0.201636633,0.75129782
0.706529801,0.715806467,0.727176773,0.549503922,0.53575687,0.547372288,0.550861362,0.542818564,0.548742419,0.548626764,0.542787575,0.554338186,0.536998161,0.702810266,0.218416085,0.75129782
0.709142204,0.722683607,0.732431713,0.563042449,0.550439769,0.561676271,0.567684794,0.554454286,0.56921655,0.563584856,0.558741726,0.571452153,0.559336451,0.703888406,0.231064547,0.75129782
0.710317494,0.728160092,0.736729213,0.571895012,0.565203468,0.572159862,0.578689218,0.56573187,0.583243641,0.573985985,0.578011979,0.585194406,0.57143501,0.704356033,0.242699978,0.75129782
0.711275873,0.733771077,0.739798288,0.587198624,0.576084921,0.585247518,0.588969416,0.579755412,0.595565358,0.591262743,0.590516482,0.596930776,0.582851613,0.7046726,0.252936956,0.75129782
0.712031335,0.737183104,0.742204814,0.599809547,0.587774752,0.599368774,0.604236569,0.589402992,0.607699621,0.600552639,0.600280687,0.608720999,0.59277981,0.704790293,0.263419752,0.75129782
0.712703521,0.739466524,0.743898856,0.608044791,0.599195059,0.607505272,0.613236134,0.597841915,0.619019682,0.610954139,0.613621357,0.617847385,0.601769757,0.704863539,0.273781833,0.75129782
0.712901023,0.742119726,0.745447413,0.616570595,0.610495077,0.616935842,0.621503898,0.607199527,0.624500904,0.621816797,0.622626133,0.62727195,0.60735002,0.70506417,0.284128835,0.75129782
0.713094797,0.744281126,0.746581891,0.626422413,0.618461315,0.622257421,0.630346838,0.617988527,0.631910792,0.630343072,0.632233885,0.636987721,0.615584467,0.705658064,0.29383062,0.75129782
Times (cumulative):,,,,,,,,,,,,,,,
opt_nn,feas,comb,rand 0,rand 1,rand 2,rand 3,rand 4,rand 5,rand 6,rand 7,rand 8,rand 9,dense,opt_exact,M+S_3 
0,0,0,0,0,0,0,0,0,0,0,0,0,0,0,0
0.10864383,0.084378189,0.090857315,0.034919515,0.042266836,0.03724993,0.041930201,0.038513299,0.036742227,0.042256336,0.034896537,0.038135726,0.038774889,8.844407965,0.770199061,0
0.239223426,0.165585583,0.222602225,0.065320191,0.075216179,0.075028666,0.079174543,0.077874739,0.07227434,0.079169056,0.065558227,0.070498945,0.076005319,17.66054583,3.309766383,0
0.359715803,0.263571844,0.345799583,0.101136035,0.116380271,0.103939889,0.118953259,0.116081438,0.111727253,0.111650118,0.109607251,0.112658693,0.108176186,26.47523231,7.499464088,0
0.504861471,0.364994874,0.491963609,0.139789111,0.158730006,0.146220021,0.157011004,0.16009047,0.156838093,0.151668484,0.14974284,0.160733444,0.148130293,35.33237155,13.55933721,0
0.674839348,0.48163205,0.66294993,0.189217292,0.200473875,0.194670536,0.209426717,0.212046772,0.206868207,0.20079667,0.191662213,0.210344636,0.195644397,44.77176279,24.09290571,0
0.823541047,0.641027618,0.818396509,0.235396247,0.246423646,0.255796869,0.258285266,0.270359334,0.266747399,0.248979555,0.23343919,0.268552906,0.252016725,55.00933897,40.63050619,0
0.982843558,0.776173912,0.987859894,0.304699531,0.313839443,0.306862509,0.322152134,0.342108061,0.341209211,0.315306593,0.293194264,0.34248564,0.308504751,65.26630704,72.94375863,0
1.125918113,1.002773789,1.156309072,0.379429933,0.377900841,0.386771274,0.402604032,0.422298882,0.421227034,0.394457525,0.363567578,0.427098673,0.375999425,75.55194261,132.1845286,0
1.289569101,1.226910107,1.379002462,0.471870414,0.470911936,0.461066179,0.496352036,0.516608007,0.509168044,0.48487081,0.432894577,0.541624072,0.480555106,85.8587889,194.4067141,0
1.449961094,1.440281029,1.633629043,0.573603242,0.562819182,0.55752077,0.617757743,0.606039908,0.61703459,0.594418445,0.519214863,0.651623674,0.573336528,96.13606506,251.9667535,0
1.598947311,1.655853954,1.86325408,0.695946685,0.698136686,0.690185405,0.724566912,0.721287844,0.728659362,0.702808025,0.621634523,0.752588941,0.693357142,106.3463829,319.685581,0
1.73869179,1.900794208,2.110164229,0.827937113,0.834144372,0.819608219,0.872160962,0.841942588,0.853335795,0.807620358,0.748160373,0.868657856,0.799081765,115.4127501,405.9461182,0
1.879138692,2.170008581,2.338275004,0.937609363,0.952236115,0.947435798,0.98949585,0.963930788,0.978252739,0.935843443,0.87917008,0.991774165,0.94036953,124.3167412,487.5490777,0
2.060963049,2.40923096,2.585981841,1.071469103,1.074727308,1.06656775,1.142754552,1.098028187,1.120616909,1.059036683,0.997353712,1.134773873,1.083002068,133.234384,588.4320097,0
2.213882271,2.648083801,2.837933465,1.186305354,1.214181053,1.191023608,1.282077529,1.22576078,1.271877398,1.169768651,1.176774334,1.278668159,1.213352436,142.0717555,669.0389958,0
2.370938532,2.914195722,3.101602946,1.344614741,1.363983257,1.317100995,1.425835633,1.384667668,1.411361502,1.318540674,1.324003134,1.438941941,1.35856113,150.9438489,787.575649,0
2.516922397,3.168243094,3.35815607,1.507598383,1.494542293,1.453991078,1.622434959,1.547195052,1.59098264,1.450871662,1.454022216,1.613519151,1.497949004,159.8456177,1012.418054,0
2.689110493,3.404198614,3.608583041,1.662865064,1.657167716,1.58672198,1.799236034,1.70322149,1.775644421,1.610515206,1.61097529,1.775089681,1.64285839,168.7470595,1162.387311,0
2.809855268,3.658581963,3.861858082,1.823694151,1.838007917,1.727387641,1.961802148,1.858592642,1.911073369,1.776259867,1.747145271,1.955825228,1.777124215,177.6762169,1316.427736,0
2.938464141,3.916753982,4.115442175,1.980718129,1.992258939,1.839915905,2.132396872,2.057235507,2.069292403,1.938162765,1.909595118,2.132009066,1.934297904,186.6089949,1501.56516,0
spar100-075-1,,,,,,,,,,,,,,,
size,density,max_cuts_sel,,,,,,,,,,,,,
100,75,3247,,,,,,,,,,,,,
Bounds:,,,,,,,,,,,,,,,
opt_nn,feas,comb,rand 0,rand 1,rand 2,rand 3,rand 4,rand 5,rand 6,rand 7,rand 8,rand 9,dense,opt_exact,M+S_3 
0,0,0,0,0,0,0,0,0,0,0,0,0,0,0,0.687565764
0.189365276,0.098614157,0.189365276,0.25646534,0.261314629,0.260994562,0.263691766,0.265671714,0.256370894,0.270071931,0.262834167,0.26218752,0.266284693,0.199985735,0.041448884,0.687565764
0.568584339,0.321136649,0.568584339,0.447925928,0.451734137,0.448060701,0.459053976,0.460025799,0.44721566,0.450620721,0.455030609,0.454562547,0.457473471,0.564162009,0.368695102,0.687565764
0.659968182,0.48018311,0.659968182,0.539627395,0.537228053,0.541679211,0.546732833,0.551281416,0.539798906,0.54073336,0.541283725,0.544598673,0.546734069,0.658644508,0.545045915,0.687565764
0.676108032,0.533733499,0.675152907,0.587257467,0.5918746,0.590758106,0.591574788,0.593237975,0.588318049,0.592794498,0.588605521,0.591364872,0.591826731,0.67494794,0.646160374,0.687565764
0.679450581,0.651651235,0.681493653,0.619111349,0.621419264,0.623026162,0.622562041,0.621960537,0.61852296,0.621852414,0.619006127,0.620920461,0.623330425,0.677937417,0.713816567,0.687565764
0.680164456,0.673183182,0.68499132,0.641119847,0.641395064,0.643218711,0.642582229,0.642341919,0.640489484,0.643498292,0.641729032,0.641636968,0.64383188,0.678559451,0.756634802,0.687565764
0.680332762,0.683004483,0.686550047,0.6542242,0.655331151,0.656548667,0.65525991,0.656900133,0.655362302,0.656275063,0.655095729,0.656579428,0.656791475,0.678725089,0.783819003,0.687565764
0.68040167,0.685827124,0.687237026,0.663349119,0.665140579,0.665888819,0.663994853,0.665399826,0.664420176,0.664775008,0.664607304,0.665800393,0.666148397,0.678776976,0.803174678,0.687565764
0.680417963,0.686949898,0.687468386,0.670472661,0.670940396,0.671572434,0.67092791,0.671772828,0.670705459,0.671447413,0.67121721,0.672271188,0.672141913,0.67878512,0.817857329,0.687565764
0.680442553,0.687354157,0.687537352,0.675421413,0.675854911,0.675577938,0.67565122,0.676278125,0.675281756,0.675719545,0.675886833,0.676996193,0.676366373,0.678788699,0.828715566,0.687565764
0.680458393,0.687496773,0.687556717,0.67893271,0.678752005,0.678961815,0.678787508,0.679486374,0.678693281,0.678794252,0.679233858,0.679976657,0.679414615,0.678789485,0.836517821,0.687565764
0.680462559,0.687545323,0.687563473,0.68122145,0.681254149,0.681252211,0.681270446,0.681562716,0.681096326,0.681305408,0.68128936,0.682114725,0.681848689,0.678789639,0.843132447,0.687565764
0.680466643,0.687559752,0.687565164,0.682886144,0.682941253,0.683039907,0.682985568,0.683096091,0.682839052,0.683017801,0.682998883,0.683599199,0.683356223,0.678789675,0.84876103,0.687565764
0.680467365,0.687564197,0.687565622,0.68415369,0.684171627,0.684258534,0.684167834,0.684339557,0.6841743,0.68429055,0.684272053,0.684654138,0.684391282,0.678789689,0.853317367,0.687565764
0.680468358,0.687565381,0.68756573,0.685093733,0.685130934,0.685226373,0.68504935,0.685251834,0.685071655,0.685173528,0.685158711,0.68548281,0.685308629,0.678789707,0.856929453,0.687565764
0.680468568,0.687565667,0.687565758,0.685825662,0.685731236,0.685881361,0.685738862,0.68597659,0.685793322,0.685798307,0.685856383,0.68604621,0.685993367,0.678789708,0.860197791,0.687565764
0.680468594,0.687565724,0.687565758,0.686362864,0.686220737,0.686357914,0.686276284,0.686403157,0.686299676,0.686278398,0.686385825,0.686478721,0.686455189,0.678789708,0.862846125,0.687565764
0.680468594,0.687565747,0.687565774,0.686745445,0.686622934,0.686660926,0.686660905,0.686722076,0.686604217,0.686654072,0.686727291,0.686810557,0.686747868,0.678789708,0.865142052,0.687565764
0.680468594,0.687565764,0.687565776,0.686991959,0.686886329,0.6869235,0.686935798,0.686957562,0.686907321,0.686926369,0.686992171,0.687026081,0.686959824,0.678789708,0.867432541,0.687565764
0.680468594,0.687565764,0.687565776,0.68716037,0.687089776,0.687108093,0.687123769,0.687136897,0.687086709,0.687107658,0.687153453,0.687197478,0.687150116,0.678789708,0.869123899,0.687565764
Times (cumulative):,,,,,,,,,,,,,,,
opt_nn,feas,comb,rand 0,rand 1,rand 2,rand 3,rand 4,rand 5,rand 6,rand 7,rand 8,rand 9,dense,opt_exact,M+S_3 
0,0,0,0,0,0,0,0,0,0,0,0,0,0,0,0
3.111578623,2.561260456,3.171066106,2.549317645,2.174480177,2.591606988,2.239663563,2.525587721,2.230122028,2.670717578,2.336645611,2.282885864,2.610445002,353.7331281,4.381085906,0
26.83597457,8.650542894,26.71010319,10.86283579,9.772518687,10.36491582,10.6411205,11.33196692,9.933345763,11.27443798,9.904392005,9.737831539,12.34004463,732.1642269,23.3109489,0
69.97599601,24.69491316,71.67927845,31.58756642,26.73985993,32.23337206,29.93407367,33.33747266,29.76624461,32.81736736,28.62384761,30.27335512,34.35842218,1139.407796,51.70168835,0
111.1378958,62.53415946,111.7660674,55.95117816,51.32676667,60.6929759,53.15553348,56.83118553,51.55583484,56.48813783,55.71724805,53.96222188,59.24694202,1529.880145,87.52672089,0
148.0976882,161.9341053,164.558371,82.64803959,74.14231092,90.47330483,78.08204949,79.94196382,78.22727558,80.0992605,82.79145718,77.15731759,87.54721935,1912.22913,134.7283151,0
177.5090069,226.498704,232.4212486,108.9118939,97.09149812,116.4680141,102.2016678,102.0131022,106.4876444,104.5900856,109.8122092,99.61488458,113.1010093,2300.745607,211.0987023,0
197.7126832,307.2616032,303.6072857,133.0746067,118.8733229,138.6548309,125.6108965,124.6818439,133.0778168,126.0145676,134.7679028,122.354536,134.0278734,2676.675426,301.1119161,0
215.1435949,399.7479967,389.8060247,152.9823535,144.2659688,160.4308149,149.4973703,144.2761459,157.1397643,146.9774891,159.739601,144.0322903,154.1312094,3045.606041,387.8927668,0
228.097944,495.6111914,499.6760133,174.0342985,167.976267,181.1321044,175.1228077,165.1550929,180.0286014,167.6486493,182.6124325,169.1925994,173.5822059,3410.449255,528.5677357,0
242.9642555,585.9974435,597.0042274,195.1611494,192.9546872,201.9157076,201.0060402,186.8275329,204.8532393,188.7662111,204.1903113,195.3815238,194.3129481,3783.743401,690.5909719,0
260.7377816,692.1177299,708.8387319,216.669716,217.5692462,224.5737962,227.5105944,209.449726,228.9017944,213.4950933,227.2748473,222.1233408,216.4969768,4154.143855,860.3929607,0
273.6872184,815.8352979,834.3092314,239.9837587,243.9173763,247.8180448,252.2901489,233.2013361,252.8320148,241.4179777,249.8655069,249.5483223,241.7723525,4513.758019,1044.072196,0
288.4007723,930.8940133,946.3116985,263.4703124,269.55758,272.8968772,277.4758327,259.1019895,276.5121106,269.3724163,274.1774965,277.6457803,265.9077227,4871.188914,1266.181042,0
299.256618,1071.690358,1072.214666,288.0041122,293.713944,300.1508571,301.7807143,286.9185827,304.1820181,298.5047376,298.0615788,303.1868435,290.8804093,5230.752093,1494.940482,0
311.7135985,1195.476374,1159.528079,315.9017023,319.7207908,329.6557144,325.5356236,316.6904644,329.1888671,329.3483235,323.0672211,327.5909465,319.9352207,5595.96062,1739.765343,0
319.3315011,1318.451007,1206.59854,345.9060305,342.1010791,357.5973649,349.8238376,346.9621913,355.4479085,355.927032,352.6508399,352.2664792,351.2999699,5957.773068,2054.251322,0
323.6752831,1397.262102,1209.865491,378.4690419,367.0863914,388.1978023,376.6026576,374.7075458,384.805296,382.883313,383.4703147,377.8690798,382.5472991,6313.105382,2394.891539,0
325.417469,1435.461383,1244.821054,411.1041006,395.2717639,415.8870124,405.5992165,399.9773469,413.8593372,410.115771,415.6556722,404.6771591,412.8781221,6668.380998,2676.264053,0
327.1083226,1477.867174,1257.242635,442.3242433,422.5004767,443.7827887,436.0915377,425.8422112,446.4362762,439.2057726,450.3101585,431.5173047,441.9373573,7026.560594,3079.201521,0
328.7833478,1481.064772,1260.907125,469.5122232,453.5437177,469.9374728,469.8105661,452.3442966,476.4550205,465.2902248,478.0915062,464.2601249,469.3636368,7390.253457,3444.698663,0
